,alg_id,alg_label,context,context_type,exp_uid,left_id,network_delay,participant_uid,query_uid,response_time,right_id,target_left,target_right,target_winner,timestamp_answer_received,timestamp_query_generated,winner_id
0,BR_LilUCB,BR_LilUCB,https://uwmadison.co1.qualtrics.com/ControlPanel/Graphic.php?IM=IM_bJXdODAZHOaG0rI,image,0ac3384e0db3db3c5140f1fb06bb4b,17,0.241444,0ac3384e0db3db3c5140f1fb06bb4b_0ptlxPHv0Tn4gsiY2dCdYw2rnUMH3t,75426d3e4b69942e915a4ef1876b5430,2.061,28,calm,teeth,teeth,2021-12-13 20:12:53.530389,2021-12-13 20:12:51.227945,28
1,BR_LilUCB,BR_LilUCB,https://uwmadison.co1.qualtrics.com/ControlPanel/Graphic.php?IM=IM_bJXdODAZHOaG0rI,image,0ac3384e0db3db3c5140f1fb06bb4b,23,0.133702,0ac3384e0db3db3c5140f1fb06bb4b_0ptlxPHv0Tn4gsiY2dCdYw2rnUMH3t,f8a55e2a941feeb4e54bdd9f3039acd3,1.213,25,passionate,playful,passionate,2021-12-13 20:12:55.370865,2021-12-13 20:12:54.024163,23
2,BR_LilUCB,BR_LilUCB,https://uwmadison.co1.qualtrics.com/ControlPanel/Graphic.php?IM=IM_bJXdODAZHOaG0rI,image,0ac3384e0db3db3c5140f1fb06bb4b,42,0.176327,0ac3384e0db3db3c5140f1fb06bb4b_0ptlxPHv0Tn4gsiY2dCdYw2rnUMH3t,8f172ad2eeb15932dc47c1935d21bb85,1.34,31,crazy,grumpy,grumpy,2021-12-13 20:12:57.101440,2021-12-13 20:12:55.585113,31
3,BR_LilUCB,BR_LilUCB,https://uwmadison.co1.qualtrics.com/ControlPanel/Graphic.php?IM=IM_bJXdODAZHOaG0rI,image,0ac3384e0db3db3c5140f1fb06bb4b,4,0.207662,0ac3384e0db3db3c5140f1fb06bb4b_0ptlxPHv0Tn4gsiY2dCdYw2rnUMH3t,f98a3230fa49b21f183c19955a8347e4,3.404,14,confused,unpleasant,unpleasant,2021-12-13 20:13:00.927659,2021-12-13 20:12:57.315997,14
4,BR_LilUCB,BR_LilUCB,https://uwmadison.co1.qualtrics.com/ControlPanel/Graphic.php?IM=IM_bJXdODAZHOaG0rI,image,0ac3384e0db3db3c5140f1fb06bb4b,25,0.20774,0ac3384e0db3db3c5140f1fb06bb4b_0ptlxPHv0Tn4gsiY2dCdYw2rnUMH3t,707ab20b4b36e082d3075574428fc40d,4.16,32,playful,funny,playful,2021-12-13 20:13:05.510313,2021-12-13 20:13:01.142573,25
5,BR_Random,BR_Random,https://uwmadison.co1.qualtrics.com/ControlPanel/Graphic.php?IM=IM_bJXdODAZHOaG0rI,image,0ac3384e0db3db3c5140f1fb06bb4b,25,0.13293,0ac3384e0db3db3c5140f1fb06bb4b_0ptlxPHv0Tn4gsiY2dCdYw2rnUMH3t,f5042218aabb4352fd04725120747e6a,1.105,10,playful,unhappy,unhappy,2021-12-13 20:13:06.971009,2021-12-13 20:13:05.733079,10
6,BR_LilUCB,BR_LilUCB,https://uwmadison.co1.qualtrics.com/ControlPanel/Graphic.php?IM=IM_bJXdODAZHOaG0rI,image,0ac3384e0db3db3c5140f1fb06bb4b,5,0.135104,0ac3384e0db3db3c5140f1fb06bb4b_0ptlxPHv0Tn4gsiY2dCdYw2rnUMH3t,0bea2db48fd74a8b32d62217b843f406,0.755,39,serious,yelling,serious,2021-12-13 20:13:08.087829,2021-12-13 20:13:07.197725,5
7,BR_Random,BR_Random,https://uwmadison.co1.qualtrics.com/ControlPanel/Graphic.php?IM=IM_bJXdODAZHOaG0rI,image,0ac3384e0db3db3c5140f1fb06bb4b,33,0.123435,0ac3384e0db3db3c5140f1fb06bb4b_0ptlxPHv0Tn4gsiY2dCdYw2rnUMH3t,c719cfdac68a502863977ada671142a5,0.874,15,stern,pissed,pissed,2021-12-13 20:13:09.296492,2021-12-13 20:13:08.299057,15
8,BR_LilUCB,BR_LilUCB,https://uwmadison.co1.qualtrics.com/ControlPanel/Graphic.php?IM=IM_bJXdODAZHOaG0rI,image,0ac3384e0db3db3c5140f1fb06bb4b,15,0.129243,0ac3384e0db3db3c5140f1fb06bb4b_0ptlxPHv0Tn4gsiY2dCdYw2rnUMH3t,3e7bd28b3603becb83ad82df06d1ebc6,1.118,31,pissed,grumpy,pissed,2021-12-13 20:13:11.577649,2021-12-13 20:13:10.330406,15
9,BR_LilUCB,BR_LilUCB,https://uwmadison.co1.qualtrics.com/ControlPanel/Graphic.php?IM=IM_bJXdODAZHOaG0rI,image,0ac3384e0db3db3c5140f1fb06bb4b,29,0.212968,0ac3384e0db3db3c5140f1fb06bb4b_0ptlxPHv0Tn4gsiY2dCdYw2rnUMH3t,d7fa2599ab57adfc98c9ea8dd9ed4dfd,1.953,37,normal,intense,intense,2021-12-13 20:13:13.966835,2021-12-13 20:13:11.800867,37
10,BR_LilUCB,BR_LilUCB,https://uwmadison.co1.qualtrics.com/ControlPanel/Graphic.php?IM=IM_bJXdODAZHOaG0rI,image,0ac3384e0db3db3c5140f1fb06bb4b,36,0.132074,0ac3384e0db3db3c5140f1fb06bb4b_0ptlxPHv0Tn4gsiY2dCdYw2rnUMH3t,3f1ca8f57d93b0841c11336f8b636650,1.7,7,scared,annoyed,annoyed,2021-12-13 20:13:16.024864,2021-12-13 20:13:14.192790,7
11,BR_LilUCB,BR_LilUCB,https://uwmadison.co1.qualtrics.com/ControlPanel/Graphic.php?IM=IM_bJXdODAZHOaG0rI,image,0ac3384e0db3db3c5140f1fb06bb4b,3,0.126862,0ac3384e0db3db3c5140f1fb06bb4b_0ptlxPHv0Tn4gsiY2dCdYw2rnUMH3t,e7f15d31dc1c7019896216b79df72250,1.413,28,sad,teeth,sad,2021-12-13 20:13:17.783410,2021-12-13 20:13:16.243548,3
12,BR_LilUCB,BR_LilUCB,https://uwmadison.co1.qualtrics.com/ControlPanel/Graphic.php?IM=IM_bJXdODAZHOaG0rI,image,0ac3384e0db3db3c5140f1fb06bb4b,23,0.135609,0ac3384e0db3db3c5140f1fb06bb4b_0ptlxPHv0Tn4gsiY2dCdYw2rnUMH3t,113d346a29c8feab8f8fec6a8784083a,1.847,20,passionate,furious,furious,2021-12-13 20:13:19.983889,2021-12-13 20:13:18.001280,20
13,BR_LilUCB,BR_LilUCB,https://uwmadison.co1.qualtrics.com/ControlPanel/Graphic.php?IM=IM_bJXdODAZHOaG0rI,image,0ac3384e0db3db3c5140f1fb06bb4b,13,0.133136,0ac3384e0db3db3c5140f1fb06bb4b_0ptlxPHv0Tn4gsiY2dCdYw2rnUMH3t,0351bf89dfbdd0f7ea64758f118f28b6,1.284,24,frusturated,boring,frusturated,2021-12-13 20:13:21.619945,2021-12-13 20:13:20.202809,13
14,BR_LilUCB,BR_LilUCB,https://uwmadison.co1.qualtrics.com/ControlPanel/Graphic.php?IM=IM_bJXdODAZHOaG0rI,image,0ac3384e0db3db3c5140f1fb06bb4b,28,0.130442,0ac3384e0db3db3c5140f1fb06bb4b_0ptlxPHv0Tn4gsiY2dCdYw2rnUMH3t,a92ca28a19402ac92ffcb4a8a52d1b53,1.07,19,teeth,shocked,shocked,2021-12-13 20:13:23.055678,2021-12-13 20:13:21.855236,19
15,BR_LilUCB,BR_LilUCB,https://uwmadison.co1.qualtrics.com/ControlPanel/Graphic.php?IM=IM_bJXdODAZHOaG0rI,image,0ac3384e0db3db3c5140f1fb06bb4b,18,0.201383,0ac3384e0db3db3c5140f1fb06bb4b_0ptlxPHv0Tn4gsiY2dCdYw2rnUMH3t,3cdb38d2ac65358665ab840d2f731978,2.575,41,goofy,curious,goofy,2021-12-13 20:13:26.048954,2021-12-13 20:13:23.272571,18
16,BR_LilUCB,BR_LilUCB,https://uwmadison.co1.qualtrics.com/ControlPanel/Graphic.php?IM=IM_bJXdODAZHOaG0rI,image,0ac3384e0db3db3c5140f1fb06bb4b,28,0.13752,0ac3384e0db3db3c5140f1fb06bb4b_0ptlxPHv0Tn4gsiY2dCdYw2rnUMH3t,4532be51748f1b973e60cad46601d07c,1.133,12,teeth,focused,focused,2021-12-13 20:13:27.549512,2021-12-13 20:13:26.278992,12
17,BR_LilUCB,BR_LilUCB,https://uwmadison.co1.qualtrics.com/ControlPanel/Graphic.php?IM=IM_bJXdODAZHOaG0rI,image,0ac3384e0db3db3c5140f1fb06bb4b,16,0.129089,0ac3384e0db3db3c5140f1fb06bb4b_0ptlxPHv0Tn4gsiY2dCdYw2rnUMH3t,4b1efe3cff7f00549eaa28e99f785f1a,0.915,27,concerned,confusion,concerned,2021-12-13 20:13:28.808851,2021-12-13 20:13:27.764762,16
18,BR_LilUCB,BR_LilUCB,https://uwmadison.co1.qualtrics.com/ControlPanel/Graphic.php?IM=IM_bJXdODAZHOaG0rI,image,0ac3384e0db3db3c5140f1fb06bb4b,40,0.132008,0ac3384e0db3db3c5140f1fb06bb4b_0ptlxPHv0Tn4gsiY2dCdYw2rnUMH3t,6ea99c63ea867031dd40bc0a8dbe1c30,1.169,28,worried,teeth,worried,2021-12-13 20:13:30.329900,2021-12-13 20:13:29.028892,40
19,BR_Random,BR_Random,https://uwmadison.co1.qualtrics.com/ControlPanel/Graphic.php?IM=IM_bJXdODAZHOaG0rI,image,0ac3384e0db3db3c5140f1fb06bb4b,31,0.133728,0ac3384e0db3db3c5140f1fb06bb4b_0ptlxPHv0Tn4gsiY2dCdYw2rnUMH3t,be63fa4fa0dbe2de1151afbd4bd66c5c,0.976,36,grumpy,scared,scared,2021-12-13 20:13:31.652771,2021-12-13 20:13:30.543043,36
20,BR_Random,BR_Random,https://uwmadison.co1.qualtrics.com/ControlPanel/Graphic.php?IM=IM_bJXdODAZHOaG0rI,image,0ac3384e0db3db3c5140f1fb06bb4b,33,0.131346,0ac3384e0db3db3c5140f1fb06bb4b_0ptlxPHv0Tn4gsiY2dCdYw2rnUMH3t,023d461a257ac4525d7f6acfb44f25ef,1.443,9,stern,disappointed,stern,2021-12-13 20:13:33.464880,2021-12-13 20:13:31.890534,33
21,BR_Random,BR_Random,https://uwmadison.co1.qualtrics.com/ControlPanel/Graphic.php?IM=IM_bJXdODAZHOaG0rI,image,0ac3384e0db3db3c5140f1fb06bb4b,32,0.138362,0ac3384e0db3db3c5140f1fb06bb4b_0ptlxPHv0Tn4gsiY2dCdYw2rnUMH3t,679442695c147934d7aef036f3fa8aba,1.046,40,funny,worried,worried,2021-12-13 20:13:34.857337,2021-12-13 20:13:33.672975,40
22,BR_LilUCB,BR_LilUCB,https://uwmadison.co1.qualtrics.com/ControlPanel/Graphic.php?IM=IM_bJXdODAZHOaG0rI,image,0ac3384e0db3db3c5140f1fb06bb4b,22,0.129845,0ac3384e0db3db3c5140f1fb06bb4b_0ptlxPHv0Tn4gsiY2dCdYw2rnUMH3t,cabd5bff6444f968c7d2e89e894a2717,1.414,12,displeased,focused,displeased,2021-12-13 20:13:36.647122,2021-12-13 20:13:35.103277,22
23,BR_LilUCB,BR_LilUCB,https://uwmadison.co1.qualtrics.com/ControlPanel/Graphic.php?IM=IM_bJXdODAZHOaG0rI,image,0ac3384e0db3db3c5140f1fb06bb4b,33,0.132426,0ac3384e0db3db3c5140f1fb06bb4b_0ptlxPHv0Tn4gsiY2dCdYw2rnUMH3t,6e9d9ab9a5f2924080f68e5fdaab7a2e,1.274,20,stern,furious,furious,2021-12-13 20:13:38.275705,2021-12-13 20:13:36.869279,20
24,BR_LilUCB,BR_LilUCB,https://uwmadison.co1.qualtrics.com/ControlPanel/Graphic.php?IM=IM_bJXdODAZHOaG0rI,image,0ac3384e0db3db3c5140f1fb06bb4b,24,0.130542,0ac3384e0db3db3c5140f1fb06bb4b_0ptlxPHv0Tn4gsiY2dCdYw2rnUMH3t,b288d5b7aec78296d9a5b1363e93326d,1.231,19,boring,shocked,shocked,2021-12-13 20:13:39.864290,2021-12-13 20:13:38.502748,19
25,BR_Random,BR_Random,https://uwmadison.co1.qualtrics.com/ControlPanel/Graphic.php?IM=IM_bJXdODAZHOaG0rI,image,0ac3384e0db3db3c5140f1fb06bb4b,37,0.140871,0ac3384e0db3db3c5140f1fb06bb4b_MNT4QoWRjDbYCqdQDKPUakWRRIuDdt,33891018c03cff86c50986de124ebac0,5.029,23,intense,passionate,passionate,2021-12-13 20:20:14.135368,2021-12-13 20:20:08.965497,23
26,BR_LilUCB,BR_LilUCB,https://uwmadison.co1.qualtrics.com/ControlPanel/Graphic.php?IM=IM_bJXdODAZHOaG0rI,image,0ac3384e0db3db3c5140f1fb06bb4b,1,0.136842,0ac3384e0db3db3c5140f1fb06bb4b_MNT4QoWRjDbYCqdQDKPUakWRRIuDdt,a07766a49cdb21292d87b044a60e77d3,0.147,18,mad,goofy,goofy,2021-12-13 20:20:14.388018,2021-12-13 20:20:14.104176,18
27,BR_LilUCB,BR_LilUCB,https://uwmadison.co1.qualtrics.com/ControlPanel/Graphic.php?IM=IM_bJXdODAZHOaG0rI,image,0ac3384e0db3db3c5140f1fb06bb4b,24,0.12635,0ac3384e0db3db3c5140f1fb06bb4b_MNT4QoWRjDbYCqdQDKPUakWRRIuDdt,4ab422e5f9ac9306d0908c548d9a4a85,0.072,41,boring,curious,curious,2021-12-13 20:20:14.812073,2021-12-13 20:20:14.613723,41
28,BR_LilUCB,BR_LilUCB,https://uwmadison.co1.qualtrics.com/ControlPanel/Graphic.php?IM=IM_bJXdODAZHOaG0rI,image,0ac3384e0db3db3c5140f1fb06bb4b,38,0.126339,0ac3384e0db3db3c5140f1fb06bb4b_MNT4QoWRjDbYCqdQDKPUakWRRIuDdt,f38a48d009022871c78f4ac1b17c7722,0.012,21,stare,uncomfortable,uncomfortable,2021-12-13 20:20:15.163275,2021-12-13 20:20:15.024936,21
29,BR_LilUCB,BR_LilUCB,https://uwmadison.co1.qualtrics.com/ControlPanel/Graphic.php?IM=IM_bJXdODAZHOaG0rI,image,0ac3384e0db3db3c5140f1fb06bb4b,5,0.126996,0ac3384e0db3db3c5140f1fb06bb4b_MNT4QoWRjDbYCqdQDKPUakWRRIuDdt,d791b9d358848275522eb98559b6c55e,0.41,26,serious,dislike,dislike,2021-12-13 20:20:15.913659,2021-12-13 20:20:15.376663,26
30,BR_LilUCB,BR_LilUCB,https://uwmadison.co1.qualtrics.com/ControlPanel/Graphic.php?IM=IM_bJXdODAZHOaG0rI,image,0ac3384e0db3db3c5140f1fb06bb4b,23,0.131172,0ac3384e0db3db3c5140f1fb06bb4b_MNT4QoWRjDbYCqdQDKPUakWRRIuDdt,2682c235bf46ec7125040e21f44dff4a,0.31,20,passionate,furious,furious,2021-12-13 20:20:16.258481,2021-12-13 20:20:15.817309,20
31,BR_Random,BR_Random,https://uwmadison.co1.qualtrics.com/ControlPanel/Graphic.php?IM=IM_bJXdODAZHOaG0rI,image,0ac3384e0db3db3c5140f1fb06bb4b,3,0.135358,0ac3384e0db3db3c5140f1fb06bb4b_MNT4QoWRjDbYCqdQDKPUakWRRIuDdt,cccfc37fb90dd4b43945acfa8687f2c7,0.316,10,sad,unhappy,unhappy,2021-12-13 20:20:16.577697,2021-12-13 20:20:16.126339,10
32,BR_LilUCB,BR_LilUCB,https://uwmadison.co1.qualtrics.com/ControlPanel/Graphic.php?IM=IM_bJXdODAZHOaG0rI,image,0ac3384e0db3db3c5140f1fb06bb4b,11,0.128785,0ac3384e0db3db3c5140f1fb06bb4b_MNT4QoWRjDbYCqdQDKPUakWRRIuDdt,7cce5b3ee6ce409af879ac33bb53ca22,0.312,26,happy,dislike,dislike,2021-12-13 20:20:17.230907,2021-12-13 20:20:16.790122,26
33,BR_LilUCB,BR_LilUCB,https://uwmadison.co1.qualtrics.com/ControlPanel/Graphic.php?IM=IM_bJXdODAZHOaG0rI,image,0ac3384e0db3db3c5140f1fb06bb4b,31,0.136757,0ac3384e0db3db3c5140f1fb06bb4b_MNT4QoWRjDbYCqdQDKPUakWRRIuDdt,f6b1c951ed74f7c02576c4b3cb5dadc1,0.25,16,grumpy,concerned,concerned,2021-12-13 20:20:17.541809,2021-12-13 20:20:17.155052,16
34,BR_LilUCB,BR_LilUCB,https://uwmadison.co1.qualtrics.com/ControlPanel/Graphic.php?IM=IM_bJXdODAZHOaG0rI,image,0ac3384e0db3db3c5140f1fb06bb4b,0,0.135473,0ac3384e0db3db3c5140f1fb06bb4b_MNT4QoWRjDbYCqdQDKPUakWRRIuDdt,e7f6b7f1e1d7fece0845317d4b5747b4,0.279,26,angry,dislike,dislike,2021-12-13 20:20:17.860085,2021-12-13 20:20:17.445612,26
35,BR_Random,BR_Random,https://uwmadison.co1.qualtrics.com/ControlPanel/Graphic.php?IM=IM_bJXdODAZHOaG0rI,image,0ac3384e0db3db3c5140f1fb06bb4b,20,0.139827,0ac3384e0db3db3c5140f1fb06bb4b_MNT4QoWRjDbYCqdQDKPUakWRRIuDdt,0abf9189ccdf885f13379bb8351e3c2c,0.311,3,furious,sad,sad,2021-12-13 20:20:18.201482,2021-12-13 20:20:17.750655,3
36,BR_LilUCB,BR_LilUCB,https://uwmadison.co1.qualtrics.com/ControlPanel/Graphic.php?IM=IM_bJXdODAZHOaG0rI,image,0ac3384e0db3db3c5140f1fb06bb4b,36,0.161104,0ac3384e0db3db3c5140f1fb06bb4b_MNT4QoWRjDbYCqdQDKPUakWRRIuDdt,90d2ef0e4d50fbe5c2633c5644740c7d,0.243,31,scared,grumpy,grumpy,2021-12-13 20:20:18.477877,2021-12-13 20:20:18.073773,31
37,BR_LilUCB,BR_LilUCB,https://uwmadison.co1.qualtrics.com/ControlPanel/Graphic.php?IM=IM_bJXdODAZHOaG0rI,image,0ac3384e0db3db3c5140f1fb06bb4b,35,0.128655,0ac3384e0db3db3c5140f1fb06bb4b_MNT4QoWRjDbYCqdQDKPUakWRRIuDdt,abbef1c6268005ce45e390d25ed0d514,0.231,0,content,angry,angry,2021-12-13 20:20:18.772976,2021-12-13 20:20:18.413321,0
38,BR_LilUCB,BR_LilUCB,https://uwmadison.co1.qualtrics.com/ControlPanel/Graphic.php?IM=IM_bJXdODAZHOaG0rI,image,0ac3384e0db3db3c5140f1fb06bb4b,13,0.151201,0ac3384e0db3db3c5140f1fb06bb4b_MNT4QoWRjDbYCqdQDKPUakWRRIuDdt,2acaea03a915365d25aced659421ac00,0.236,2,frusturated,upset,upset,2021-12-13 20:20:19.107200,2021-12-13 20:20:18.719999,2
39,BR_LilUCB,BR_LilUCB,https://uwmadison.co1.qualtrics.com/ControlPanel/Graphic.php?IM=IM_bJXdODAZHOaG0rI,image,0ac3384e0db3db3c5140f1fb06bb4b,22,0.124007,0ac3384e0db3db3c5140f1fb06bb4b_MNT4QoWRjDbYCqdQDKPUakWRRIuDdt,634791c9dbf5ab6033e9989ceb1f862f,0.191,2,displeased,upset,upset,2021-12-13 20:20:19.337980,2021-12-13 20:20:19.022973,2
40,BR_Random,BR_Random,https://uwmadison.co1.qualtrics.com/ControlPanel/Graphic.php?IM=IM_bJXdODAZHOaG0rI,image,0ac3384e0db3db3c5140f1fb06bb4b,20,0.129033,0ac3384e0db3db3c5140f1fb06bb4b_MNT4QoWRjDbYCqdQDKPUakWRRIuDdt,06ea12edaef5d46e8512c8a37a1aea9c,0.051,19,furious,shocked,shocked,2021-12-13 20:20:19.589851,2021-12-13 20:20:19.409818,19
41,BR_LilUCB,BR_LilUCB,https://uwmadison.co1.qualtrics.com/ControlPanel/Graphic.php?IM=IM_bJXdODAZHOaG0rI,image,0ac3384e0db3db3c5140f1fb06bb4b,28,0.133638,0ac3384e0db3db3c5140f1fb06bb4b_MNT4QoWRjDbYCqdQDKPUakWRRIuDdt,927df279b9129af3615fe146ce502e6b,0.129,34,teeth,disgusted,disgusted,2021-12-13 20:20:19.859273,2021-12-13 20:20:19.596635,34
42,BR_LilUCB,BR_LilUCB,https://uwmadison.co1.qualtrics.com/ControlPanel/Graphic.php?IM=IM_bJXdODAZHOaG0rI,image,0ac3384e0db3db3c5140f1fb06bb4b,39,0.132508,0ac3384e0db3db3c5140f1fb06bb4b_MNT4QoWRjDbYCqdQDKPUakWRRIuDdt,147f6b1b762dbac70b4990ebb03ca73d,0.172,6,yelling,frustrated,frustrated,2021-12-13 20:20:20.106066,2021-12-13 20:20:19.801558,6
43,BR_LilUCB,BR_LilUCB,https://uwmadison.co1.qualtrics.com/ControlPanel/Graphic.php?IM=IM_bJXdODAZHOaG0rI,image,0ac3384e0db3db3c5140f1fb06bb4b,22,0.136507,0ac3384e0db3db3c5140f1fb06bb4b_MNT4QoWRjDbYCqdQDKPUakWRRIuDdt,d6a1afec09592d1320cd2960e3d995b2,0.143,8,displeased,silly,silly,2021-12-13 20:20:20.349743,2021-12-13 20:20:20.070236,8
44,BR_Random,BR_Random,https://uwmadison.co1.qualtrics.com/ControlPanel/Graphic.php?IM=IM_bJXdODAZHOaG0rI,image,0ac3384e0db3db3c5140f1fb06bb4b,2,0.128824,0ac3384e0db3db3c5140f1fb06bb4b_MNT4QoWRjDbYCqdQDKPUakWRRIuDdt,f13401b762ba2984bbb3082c3707e054,0.115,20,upset,furious,furious,2021-12-13 20:20:20.566243,2021-12-13 20:20:20.322419,20
45,BR_LilUCB,BR_LilUCB,https://uwmadison.co1.qualtrics.com/ControlPanel/Graphic.php?IM=IM_bJXdODAZHOaG0rI,image,0ac3384e0db3db3c5140f1fb06bb4b,16,0.145101,0ac3384e0db3db3c5140f1fb06bb4b_MNT4QoWRjDbYCqdQDKPUakWRRIuDdt,d96d2c8e72beaecb48b84961e1cf5104,0.094,17,concerned,calm,calm,2021-12-13 20:20:20.804602,2021-12-13 20:20:20.565501,17
46,BR_LilUCB,BR_LilUCB,https://uwmadison.co1.qualtrics.com/ControlPanel/Graphic.php?IM=IM_bJXdODAZHOaG0rI,image,0ac3384e0db3db3c5140f1fb06bb4b,18,0.129636,0ac3384e0db3db3c5140f1fb06bb4b_MNT4QoWRjDbYCqdQDKPUakWRRIuDdt,0b0f5888bd909a712580fcdf9cacd322,0.812,16,goofy,concerned,concerned,2021-12-13 20:20:21.719309,2021-12-13 20:20:20.777673,16
47,BR_Random,BR_Random,https://uwmadison.co1.qualtrics.com/ControlPanel/Graphic.php?IM=IM_bJXdODAZHOaG0rI,image,0ac3384e0db3db3c5140f1fb06bb4b,36,0.149085,0ac3384e0db3db3c5140f1fb06bb4b_m6rnd6lnzv1fy09dbpXWcQIImCdxk3,3c9a3bd1814dd8ed460baac26130f615,29.429,33,scared,stern,stern,2021-12-13 20:20:54.976450,2021-12-13 20:20:25.398365,33
48,BR_LilUCB,BR_LilUCB,https://uwmadison.co1.qualtrics.com/ControlPanel/Graphic.php?IM=IM_bJXdODAZHOaG0rI,image,0ac3384e0db3db3c5140f1fb06bb4b,31,0.136918,0ac3384e0db3db3c5140f1fb06bb4b_m6rnd6lnzv1fy09dbpXWcQIImCdxk3,93af05a3a6685e19adea592f575ae24b,0.425,18,grumpy,goofy,goofy,2021-12-13 20:20:55.758473,2021-12-13 20:20:55.196555,18
49,BR_Random,BR_Random,https://uwmadison.co1.qualtrics.com/ControlPanel/Graphic.php?IM=IM_bJXdODAZHOaG0rI,image,0ac3384e0db3db3c5140f1fb06bb4b,37,0.137287,0ac3384e0db3db3c5140f1fb06bb4b_m6rnd6lnzv1fy09dbpXWcQIImCdxk3,2a34cda5b3715c4057c4cf2052881725,0.208,12,intense,focused,intense,2021-12-13 20:20:56.063310,2021-12-13 20:20:55.718023,37
50,BR_LilUCB,BR_LilUCB,https://uwmadison.co1.qualtrics.com/ControlPanel/Graphic.php?IM=IM_bJXdODAZHOaG0rI,image,0ac3384e0db3db3c5140f1fb06bb4b,0,0.136038,0ac3384e0db3db3c5140f1fb06bb4b_m6rnd6lnzv1fy09dbpXWcQIImCdxk3,f3e68d8489ff3b40403cdee40eeb2f23,0.206,19,angry,shocked,shocked,2021-12-13 20:20:56.324354,2021-12-13 20:20:55.982316,19
51,BR_Random,BR_Random,https://uwmadison.co1.qualtrics.com/ControlPanel/Graphic.php?IM=IM_bJXdODAZHOaG0rI,image,0ac3384e0db3db3c5140f1fb06bb4b,20,0.14051,0ac3384e0db3db3c5140f1fb06bb4b_m6rnd6lnzv1fy09dbpXWcQIImCdxk3,8286a93805de67877c16fefeb10e5484,0.171,0,furious,angry,furious,2021-12-13 20:20:56.588217,2021-12-13 20:20:56.276707,20
52,BR_LilUCB,BR_LilUCB,https://uwmadison.co1.qualtrics.com/ControlPanel/Graphic.php?IM=IM_bJXdODAZHOaG0rI,image,0ac3384e0db3db3c5140f1fb06bb4b,20,0.135749,0ac3384e0db3db3c5140f1fb06bb4b_m6rnd6lnzv1fy09dbpXWcQIImCdxk3,440738e281bc8816d1deb2ca75b1e33d,0.163,41,furious,curious,curious,2021-12-13 20:20:56.855842,2021-12-13 20:20:56.557093,41
53,BR_Random,BR_Random,https://uwmadison.co1.qualtrics.com/ControlPanel/Graphic.php?IM=IM_bJXdODAZHOaG0rI,image,0ac3384e0db3db3c5140f1fb06bb4b,18,0.133479,0ac3384e0db3db3c5140f1fb06bb4b_m6rnd6lnzv1fy09dbpXWcQIImCdxk3,a4344b53e28f33f7910a54aba570ed44,0.167,32,goofy,funny,goofy,2021-12-13 20:20:57.118024,2021-12-13 20:20:56.817545,18
54,BR_Random,BR_Random,https://uwmadison.co1.qualtrics.com/ControlPanel/Graphic.php?IM=IM_bJXdODAZHOaG0rI,image,0ac3384e0db3db3c5140f1fb06bb4b,37,0.135358,0ac3384e0db3db3c5140f1fb06bb4b_m6rnd6lnzv1fy09dbpXWcQIImCdxk3,a3ee66efa7fded343217d9af7dcf2e6c,0.18,23,intense,passionate,passionate,2021-12-13 20:20:57.388793,2021-12-13 20:20:57.073435,23
55,BR_Random,BR_Random,https://uwmadison.co1.qualtrics.com/ControlPanel/Graphic.php?IM=IM_bJXdODAZHOaG0rI,image,0ac3384e0db3db3c5140f1fb06bb4b,41,0.134834,0ac3384e0db3db3c5140f1fb06bb4b_m6rnd6lnzv1fy09dbpXWcQIImCdxk3,d4671874cc85b719993d2adbd1611d78,0.179,35,curious,content,curious,2021-12-13 20:20:57.646435,2021-12-13 20:20:57.332601,41
56,BR_Random,BR_Random,https://uwmadison.co1.qualtrics.com/ControlPanel/Graphic.php?IM=IM_bJXdODAZHOaG0rI,image,0ac3384e0db3db3c5140f1fb06bb4b,10,0.136281,0ac3384e0db3db3c5140f1fb06bb4b_m6rnd6lnzv1fy09dbpXWcQIImCdxk3,563e0468aa8b5e0b0d919b8bb8640f0f,0.16,26,unhappy,dislike,dislike,2021-12-13 20:20:57.900630,2021-12-13 20:20:57.604349,26
57,BR_Random,BR_Random,https://uwmadison.co1.qualtrics.com/ControlPanel/Graphic.php?IM=IM_bJXdODAZHOaG0rI,image,0ac3384e0db3db3c5140f1fb06bb4b,42,0.154847,0ac3384e0db3db3c5140f1fb06bb4b_m6rnd6lnzv1fy09dbpXWcQIImCdxk3,6f403a2e3ba3e7bae04549d11a49c37c,0.148,7,crazy,annoyed,crazy,2021-12-13 20:20:58.163218,2021-12-13 20:20:57.860371,42
58,BR_LilUCB,BR_LilUCB,https://uwmadison.co1.qualtrics.com/ControlPanel/Graphic.php?IM=IM_bJXdODAZHOaG0rI,image,0ac3384e0db3db3c5140f1fb06bb4b,42,0.115763,0ac3384e0db3db3c5140f1fb06bb4b_m6rnd6lnzv1fy09dbpXWcQIImCdxk3,92f528df4df50b209da5fd73e77f15c7,0.136,21,crazy,uncomfortable,uncomfortable,2021-12-13 20:20:58.369453,2021-12-13 20:20:58.117690,21
59,BR_LilUCB,BR_LilUCB,https://uwmadison.co1.qualtrics.com/ControlPanel/Graphic.php?IM=IM_bJXdODAZHOaG0rI,image,0ac3384e0db3db3c5140f1fb06bb4b,20,0.131407,0ac3384e0db3db3c5140f1fb06bb4b_m6rnd6lnzv1fy09dbpXWcQIImCdxk3,7fafc31984e83abc0720fd5cd357a984,0.371,22,furious,displeased,furious,2021-12-13 20:20:59.089885,2021-12-13 20:20:58.587478,20
60,BR_LilUCB,BR_LilUCB,https://uwmadison.co1.qualtrics.com/ControlPanel/Graphic.php?IM=IM_bJXdODAZHOaG0rI,image,0ac3384e0db3db3c5140f1fb06bb4b,26,0.133275,0ac3384e0db3db3c5140f1fb06bb4b_m6rnd6lnzv1fy09dbpXWcQIImCdxk3,4061ed146cbd45a959b58c80b38f9e86,0.673,6,dislike,frustrated,dislike,2021-12-13 20:21:00.147415,2021-12-13 20:20:59.341140,26
61,BR_LilUCB,BR_LilUCB,https://uwmadison.co1.qualtrics.com/ControlPanel/Graphic.php?IM=IM_bJXdODAZHOaG0rI,image,0ac3384e0db3db3c5140f1fb06bb4b,34,0.13974,0ac3384e0db3db3c5140f1fb06bb4b_m6rnd6lnzv1fy09dbpXWcQIImCdxk3,8cb23886717e7ee41306282c6f0b2749,0.181,23,disgusted,passionate,passionate,2021-12-13 20:21:00.400786,2021-12-13 20:21:00.080046,23
62,BR_LilUCB,BR_LilUCB,https://uwmadison.co1.qualtrics.com/ControlPanel/Graphic.php?IM=IM_bJXdODAZHOaG0rI,image,0ac3384e0db3db3c5140f1fb06bb4b,34,0.146621,0ac3384e0db3db3c5140f1fb06bb4b_m6rnd6lnzv1fy09dbpXWcQIImCdxk3,cd7c8f5e65228bc9b2f17334823ade47,0.104,16,disgusted,concerned,disgusted,2021-12-13 20:21:00.620490,2021-12-13 20:21:00.369869,34
63,BR_LilUCB,BR_LilUCB,https://uwmadison.co1.qualtrics.com/ControlPanel/Graphic.php?IM=IM_bJXdODAZHOaG0rI,image,0ac3384e0db3db3c5140f1fb06bb4b,37,0.1546,0ac3384e0db3db3c5140f1fb06bb4b_m6rnd6lnzv1fy09dbpXWcQIImCdxk3,20a0901bc6d7eb37d597fe732173fd12,0.077,40,intense,worried,intense,2021-12-13 20:21:00.870179,2021-12-13 20:21:00.638579,37
64,BR_LilUCB,BR_LilUCB,https://uwmadison.co1.qualtrics.com/ControlPanel/Graphic.php?IM=IM_bJXdODAZHOaG0rI,image,0ac3384e0db3db3c5140f1fb06bb4b,37,0.118184,0ac3384e0db3db3c5140f1fb06bb4b_m6rnd6lnzv1fy09dbpXWcQIImCdxk3,a9eb440017559f12c488a379fa849c43,0.085,23,intense,passionate,intense,2021-12-13 20:21:01.042733,2021-12-13 20:21:00.839549,37
65,BR_LilUCB,BR_LilUCB,https://uwmadison.co1.qualtrics.com/ControlPanel/Graphic.php?IM=IM_bJXdODAZHOaG0rI,image,0ac3384e0db3db3c5140f1fb06bb4b,38,0.136062,0ac3384e0db3db3c5140f1fb06bb4b_m6rnd6lnzv1fy09dbpXWcQIImCdxk3,f447050d3f284a2637c770009808d21b,0.014,18,stare,goofy,stare,2021-12-13 20:21:01.248472,2021-12-13 20:21:01.098410,38
66,BR_LilUCB,BR_LilUCB,https://uwmadison.co1.qualtrics.com/ControlPanel/Graphic.php?IM=IM_bJXdODAZHOaG0rI,image,0ac3384e0db3db3c5140f1fb06bb4b,38,0.130419,0ac3384e0db3db3c5140f1fb06bb4b_m6rnd6lnzv1fy09dbpXWcQIImCdxk3,17c293cea12a3b43d8f0ae2bf91c0a28,0.005,12,stare,focused,stare,2021-12-13 20:21:01.438618,2021-12-13 20:21:01.303199,38
67,BR_LilUCB,BR_LilUCB,https://uwmadison.co1.qualtrics.com/ControlPanel/Graphic.php?IM=IM_bJXdODAZHOaG0rI,image,0ac3384e0db3db3c5140f1fb06bb4b,40,0.131691,0ac3384e0db3db3c5140f1fb06bb4b_m6rnd6lnzv1fy09dbpXWcQIImCdxk3,6af8c16cecfab3062496238c8105a307,0.224,34,worried,disgusted,worried,2021-12-13 20:21:01.824691,2021-12-13 20:21:01.469000,40
68,BR_LilUCB,BR_LilUCB,https://uwmadison.co1.qualtrics.com/ControlPanel/Graphic.php?IM=IM_bJXdODAZHOaG0rI,image,0ac3384e0db3db3c5140f1fb06bb4b,41,0.17082,0ac3384e0db3db3c5140f1fb06bb4b_R4b16Iw5B1ZMsiWYmlvaq9SLzoKej8,c81d8a68795a5b37885d2d75fdf8e634,8.045,4,curious,confused,curious,2021-12-13 20:20:35.928919,2021-12-13 20:20:27.713099,41
69,BR_LilUCB,BR_LilUCB,https://uwmadison.co1.qualtrics.com/ControlPanel/Graphic.php?IM=IM_bJXdODAZHOaG0rI,image,0ac3384e0db3db3c5140f1fb06bb4b,10,0.132412,0ac3384e0db3db3c5140f1fb06bb4b_R4b16Iw5B1ZMsiWYmlvaq9SLzoKej8,1e296d0738cee94b2cc51bdc6fcb5633,0.014,39,unhappy,yelling,unhappy,2021-12-13 20:20:36.048090,2021-12-13 20:20:35.901678,10
70,BR_Random,BR_Random,https://uwmadison.co1.qualtrics.com/ControlPanel/Graphic.php?IM=IM_bJXdODAZHOaG0rI,image,0ac3384e0db3db3c5140f1fb06bb4b,5,0.134169,0ac3384e0db3db3c5140f1fb06bb4b_R4b16Iw5B1ZMsiWYmlvaq9SLzoKej8,b09f828b10e2cebe9dd29c85ac7b6ddf,2.831,26,serious,dislike,serious,2021-12-13 20:20:39.239653,2021-12-13 20:20:36.274484,5
71,BR_LilUCB,BR_LilUCB,https://uwmadison.co1.qualtrics.com/ControlPanel/Graphic.php?IM=IM_bJXdODAZHOaG0rI,image,0ac3384e0db3db3c5140f1fb06bb4b,0,0.150856,0ac3384e0db3db3c5140f1fb06bb4b_R4b16Iw5B1ZMsiWYmlvaq9SLzoKej8,f59023cd50dc804cd842f149f46da2d1,0.074,5,angry,serious,angry,2021-12-13 20:20:39.482860,2021-12-13 20:20:39.258004,0
72,BR_Random,BR_Random,https://uwmadison.co1.qualtrics.com/ControlPanel/Graphic.php?IM=IM_bJXdODAZHOaG0rI,image,0ac3384e0db3db3c5140f1fb06bb4b,19,0.132574,0ac3384e0db3db3c5140f1fb06bb4b_R4b16Iw5B1ZMsiWYmlvaq9SLzoKej8,97fc0c9c17506ad757709d97e8d26fc3,0.085,26,shocked,dislike,shocked,2021-12-13 20:20:39.672036,2021-12-13 20:20:39.454462,19
73,BR_LilUCB,BR_LilUCB,https://uwmadison.co1.qualtrics.com/ControlPanel/Graphic.php?IM=IM_bJXdODAZHOaG0rI,image,0ac3384e0db3db3c5140f1fb06bb4b,17,0.130165,0ac3384e0db3db3c5140f1fb06bb4b_R4b16Iw5B1ZMsiWYmlvaq9SLzoKej8,79b990a82def82a15e430f156c98fdad,0.039,9,calm,disappointed,calm,2021-12-13 20:20:39.876487,2021-12-13 20:20:39.707322,17
74,BR_LilUCB,BR_LilUCB,https://uwmadison.co1.qualtrics.com/ControlPanel/Graphic.php?IM=IM_bJXdODAZHOaG0rI,image,0ac3384e0db3db3c5140f1fb06bb4b,9,0.132286,0ac3384e0db3db3c5140f1fb06bb4b_R4b16Iw5B1ZMsiWYmlvaq9SLzoKej8,1531424f746184811055e72a737d31ca,0.044,6,disappointed,frustrated,disappointed,2021-12-13 20:20:40.071822,2021-12-13 20:20:39.895536,9
75,BR_LilUCB,BR_LilUCB,https://uwmadison.co1.qualtrics.com/ControlPanel/Graphic.php?IM=IM_bJXdODAZHOaG0rI,image,0ac3384e0db3db3c5140f1fb06bb4b,29,0.135551,0ac3384e0db3db3c5140f1fb06bb4b_R4b16Iw5B1ZMsiWYmlvaq9SLzoKej8,e00a64cb987ac27677b30cca72d0e622,0.039,30,normal,bad,normal,2021-12-13 20:20:40.266148,2021-12-13 20:20:40.091597,29
76,BR_LilUCB,BR_LilUCB,https://uwmadison.co1.qualtrics.com/ControlPanel/Graphic.php?IM=IM_bJXdODAZHOaG0rI,image,0ac3384e0db3db3c5140f1fb06bb4b,30,0.143932,0ac3384e0db3db3c5140f1fb06bb4b_R4b16Iw5B1ZMsiWYmlvaq9SLzoKej8,cf66280b4a2b4fdcb157046733713f08,0.035,10,bad,unhappy,bad,2021-12-13 20:20:40.467508,2021-12-13 20:20:40.288576,30
77,BR_LilUCB,BR_LilUCB,https://uwmadison.co1.qualtrics.com/ControlPanel/Graphic.php?IM=IM_bJXdODAZHOaG0rI,image,0ac3384e0db3db3c5140f1fb06bb4b,39,0.150819,0ac3384e0db3db3c5140f1fb06bb4b_R4b16Iw5B1ZMsiWYmlvaq9SLzoKej8,9dcc67223a08620f45754deeeb8ca30e,0.229,0,yelling,angry,yelling,2021-12-13 20:20:40.877452,2021-12-13 20:20:40.497633,39
78,BR_LilUCB,BR_LilUCB,https://uwmadison.co1.qualtrics.com/ControlPanel/Graphic.php?IM=IM_bJXdODAZHOaG0rI,image,0ac3384e0db3db3c5140f1fb06bb4b,32,0.177936,0ac3384e0db3db3c5140f1fb06bb4b_R4b16Iw5B1ZMsiWYmlvaq9SLzoKej8,c2771eb19e21a7fd82345206e4b3ac93,0.133,0,funny,angry,funny,2021-12-13 20:20:41.000914,2021-12-13 20:20:40.689978,32
79,BR_Random,BR_Random,https://uwmadison.co1.qualtrics.com/ControlPanel/Graphic.php?IM=IM_bJXdODAZHOaG0rI,image,0ac3384e0db3db3c5140f1fb06bb4b,31,0.139206,0ac3384e0db3db3c5140f1fb06bb4b_R4b16Iw5B1ZMsiWYmlvaq9SLzoKej8,0cc465b7fa68793b0362a7c23f2e5dda,0.163,42,grumpy,crazy,grumpy,2021-12-13 20:20:41.198037,2021-12-13 20:20:40.895831,31
80,BR_LilUCB,BR_LilUCB,https://uwmadison.co1.qualtrics.com/ControlPanel/Graphic.php?IM=IM_bJXdODAZHOaG0rI,image,0ac3384e0db3db3c5140f1fb06bb4b,4,0.140317,0ac3384e0db3db3c5140f1fb06bb4b_R4b16Iw5B1ZMsiWYmlvaq9SLzoKej8,31ddb75330b6bb34247e5ae19a88c36d,0.005,3,confused,sad,confused,2021-12-13 20:20:41.375321,2021-12-13 20:20:41.230004,4
81,BR_LilUCB,BR_LilUCB,https://uwmadison.co1.qualtrics.com/ControlPanel/Graphic.php?IM=IM_bJXdODAZHOaG0rI,image,0ac3384e0db3db3c5140f1fb06bb4b,6,0.202854,0ac3384e0db3db3c5140f1fb06bb4b_R4b16Iw5B1ZMsiWYmlvaq9SLzoKej8,0d2b1cd199dd5766e286d3dae59b4884,3.47,34,frustrated,disgusted,frustrated,2021-12-13 20:20:45.268099,2021-12-13 20:20:41.595245,6
82,BR_Random,BR_Random,https://uwmadison.co1.qualtrics.com/ControlPanel/Graphic.php?IM=IM_bJXdODAZHOaG0rI,image,0ac3384e0db3db3c5140f1fb06bb4b,0,0.14374,0ac3384e0db3db3c5140f1fb06bb4b_R4b16Iw5B1ZMsiWYmlvaq9SLzoKej8,a3b40b4208bbbce081aec2705fff5d01,0.214,31,angry,grumpy,angry,2021-12-13 20:20:45.597528,2021-12-13 20:20:45.239788,0
83,BR_LilUCB,BR_LilUCB,https://uwmadison.co1.qualtrics.com/ControlPanel/Graphic.php?IM=IM_bJXdODAZHOaG0rI,image,0ac3384e0db3db3c5140f1fb06bb4b,10,0.123167,0ac3384e0db3db3c5140f1fb06bb4b_R4b16Iw5B1ZMsiWYmlvaq9SLzoKej8,032ff4db581a6bfc8f971e1c7fc05336,0.14,26,unhappy,dislike,unhappy,2021-12-13 20:20:45.766628,2021-12-13 20:20:45.503461,10
84,BR_LilUCB,BR_LilUCB,https://uwmadison.co1.qualtrics.com/ControlPanel/Graphic.php?IM=IM_bJXdODAZHOaG0rI,image,0ac3384e0db3db3c5140f1fb06bb4b,23,0.132103,0ac3384e0db3db3c5140f1fb06bb4b_R4b16Iw5B1ZMsiWYmlvaq9SLzoKej8,9f3a448b73230a7bf1ca045d39ad1d35,0.141,12,passionate,focused,focused,2021-12-13 20:20:46.104347,2021-12-13 20:20:45.831244,12
85,BR_LilUCB,BR_LilUCB,https://uwmadison.co1.qualtrics.com/ControlPanel/Graphic.php?IM=IM_bJXdODAZHOaG0rI,image,0ac3384e0db3db3c5140f1fb06bb4b,12,0.124178,0ac3384e0db3db3c5140f1fb06bb4b_R4b16Iw5B1ZMsiWYmlvaq9SLzoKej8,62007e19a43a06ccc2e67cd342621d8f,0.16,27,focused,confusion,confusion,2021-12-13 20:20:46.269768,2021-12-13 20:20:45.985590,27
86,BR_Random,BR_Random,https://uwmadison.co1.qualtrics.com/ControlPanel/Graphic.php?IM=IM_bJXdODAZHOaG0rI,image,0ac3384e0db3db3c5140f1fb06bb4b,26,0.130257,0ac3384e0db3db3c5140f1fb06bb4b_R4b16Iw5B1ZMsiWYmlvaq9SLzoKej8,92a9f5f5b04d2af7efe969fbedfd15f9,1.518,19,dislike,shocked,dislike,2021-12-13 20:20:47.981097,2021-12-13 20:20:46.332840,26
87,BR_Random,BR_Random,https://uwmadison.co1.qualtrics.com/ControlPanel/Graphic.php?IM=IM_bJXdODAZHOaG0rI,image,0ac3384e0db3db3c5140f1fb06bb4b,4,0.142167,0ac3384e0db3db3c5140f1fb06bb4b_5sxbqDb1wSH372c7AgHxe9MwOtBzvX,e3592a4070ba94d21744ec3defd88e0a,6.795,16,confused,concerned,concerned,2021-12-13 20:20:37.514663,2021-12-13 20:20:30.577496,16
88,BR_LilUCB,BR_LilUCB,https://uwmadison.co1.qualtrics.com/ControlPanel/Graphic.php?IM=IM_bJXdODAZHOaG0rI,image,0ac3384e0db3db3c5140f1fb06bb4b,1,0.130981,0ac3384e0db3db3c5140f1fb06bb4b_5sxbqDb1wSH372c7AgHxe9MwOtBzvX,158326e09792cb432bb2e2a4f9a16cdb,0.081,9,mad,disappointed,disappointed,2021-12-13 20:20:37.724793,2021-12-13 20:20:37.512812,9
89,BR_LilUCB,BR_LilUCB,https://uwmadison.co1.qualtrics.com/ControlPanel/Graphic.php?IM=IM_bJXdODAZHOaG0rI,image,0ac3384e0db3db3c5140f1fb06bb4b,9,0.127769,0ac3384e0db3db3c5140f1fb06bb4b_5sxbqDb1wSH372c7AgHxe9MwOtBzvX,148c96780d94b29965f1e12d0dfb9339,0.09,38,disappointed,stare,stare,2021-12-13 20:20:37.946873,2021-12-13 20:20:37.729104,38
90,BR_LilUCB,BR_LilUCB,https://uwmadison.co1.qualtrics.com/ControlPanel/Graphic.php?IM=IM_bJXdODAZHOaG0rI,image,0ac3384e0db3db3c5140f1fb06bb4b,21,0.162498,0ac3384e0db3db3c5140f1fb06bb4b_5sxbqDb1wSH372c7AgHxe9MwOtBzvX,c74a6ca51b5bb0e82a90cd408202a5a8,0.091,37,uncomfortable,intense,intense,2021-12-13 20:20:38.195605,2021-12-13 20:20:37.942107,37
91,BR_Random,BR_Random,https://uwmadison.co1.qualtrics.com/ControlPanel/Graphic.php?IM=IM_bJXdODAZHOaG0rI,image,0ac3384e0db3db3c5140f1fb06bb4b,29,0.111733,0ac3384e0db3db3c5140f1fb06bb4b_5sxbqDb1wSH372c7AgHxe9MwOtBzvX,7afea151130ae0efdafb966ce2f4ddbf,3.855,7,normal,annoyed,annoyed,2021-12-13 20:20:42.379003,2021-12-13 20:20:38.412270,7
92,BR_Random,BR_Random,https://uwmadison.co1.qualtrics.com/ControlPanel/Graphic.php?IM=IM_bJXdODAZHOaG0rI,image,0ac3384e0db3db3c5140f1fb06bb4b,28,0.132877,0ac3384e0db3db3c5140f1fb06bb4b_5sxbqDb1wSH372c7AgHxe9MwOtBzvX,ee8229a96b4154e3ede4239635eb13e3,0.017,19,teeth,shocked,shocked,2021-12-13 20:20:42.590604,2021-12-13 20:20:42.440727,19
93,BR_LilUCB,BR_LilUCB,https://uwmadison.co1.qualtrics.com/ControlPanel/Graphic.php?IM=IM_bJXdODAZHOaG0rI,image,0ac3384e0db3db3c5140f1fb06bb4b,6,0.1114,0ac3384e0db3db3c5140f1fb06bb4b_5sxbqDb1wSH372c7AgHxe9MwOtBzvX,c8d0b605a136087212b05c04c8e4b5ac,0.06,8,frustrated,silly,silly,2021-12-13 20:20:42.760782,2021-12-13 20:20:42.589382,8
94,BR_LilUCB,BR_LilUCB,https://uwmadison.co1.qualtrics.com/ControlPanel/Graphic.php?IM=IM_bJXdODAZHOaG0rI,image,0ac3384e0db3db3c5140f1fb06bb4b,7,0.136859,0ac3384e0db3db3c5140f1fb06bb4b_5sxbqDb1wSH372c7AgHxe9MwOtBzvX,7ead505584bf457dd1e53093943a799b,0.022,29,annoyed,normal,normal,2021-12-13 20:20:42.983001,2021-12-13 20:20:42.824142,29
95,BR_LilUCB,BR_LilUCB,https://uwmadison.co1.qualtrics.com/ControlPanel/Graphic.php?IM=IM_bJXdODAZHOaG0rI,image,0ac3384e0db3db3c5140f1fb06bb4b,7,0.112999,0ac3384e0db3db3c5140f1fb06bb4b_5sxbqDb1wSH372c7AgHxe9MwOtBzvX,18141bcbf47c6501a7b2d7fb482762ac,0.053,22,annoyed,displeased,displeased,2021-12-13 20:20:43.143992,2021-12-13 20:20:42.977993,22
96,BR_LilUCB,BR_LilUCB,https://uwmadison.co1.qualtrics.com/ControlPanel/Graphic.php?IM=IM_bJXdODAZHOaG0rI,image,0ac3384e0db3db3c5140f1fb06bb4b,8,0.146705,0ac3384e0db3db3c5140f1fb06bb4b_5sxbqDb1wSH372c7AgHxe9MwOtBzvX,788b458e0554bdd8daa4c5723c9dbf11,0.196,0,silly,angry,angry,2021-12-13 20:20:43.549695,2021-12-13 20:20:43.206990,0
97,BR_LilUCB,BR_LilUCB,https://uwmadison.co1.qualtrics.com/ControlPanel/Graphic.php?IM=IM_bJXdODAZHOaG0rI,image,0ac3384e0db3db3c5140f1fb06bb4b,19,0.175374,0ac3384e0db3db3c5140f1fb06bb4b_5sxbqDb1wSH372c7AgHxe9MwOtBzvX,bb00320d81d8bf7b2d3240c186095ca6,0.156,8,shocked,silly,silly,2021-12-13 20:20:43.720218,2021-12-13 20:20:43.388844,8
98,BR_Random,BR_Random,https://uwmadison.co1.qualtrics.com/ControlPanel/Graphic.php?IM=IM_bJXdODAZHOaG0rI,image,0ac3384e0db3db3c5140f1fb06bb4b,39,0.155092,0ac3384e0db3db3c5140f1fb06bb4b_5sxbqDb1wSH372c7AgHxe9MwOtBzvX,236e8b4be3f3c14a1180c59e94fb7887,0.193,41,yelling,curious,curious,2021-12-13 20:20:44.121027,2021-12-13 20:20:43.772935,41
99,BR_Random,BR_Random,https://uwmadison.co1.qualtrics.com/ControlPanel/Graphic.php?IM=IM_bJXdODAZHOaG0rI,image,0ac3384e0db3db3c5140f1fb06bb4b,23,0.152221,0ac3384e0db3db3c5140f1fb06bb4b_5sxbqDb1wSH372c7AgHxe9MwOtBzvX,eb89d3e6555a25761f121f80511b722d,0.17,34,passionate,disgusted,disgusted,2021-12-13 20:20:44.292536,2021-12-13 20:20:43.970315,34
100,BR_LilUCB,BR_LilUCB,https://uwmadison.co1.qualtrics.com/ControlPanel/Graphic.php?IM=IM_bJXdODAZHOaG0rI,image,0ac3384e0db3db3c5140f1fb06bb4b,33,0.134427,0ac3384e0db3db3c5140f1fb06bb4b_5sxbqDb1wSH372c7AgHxe9MwOtBzvX,05e6087d4a288ba5481bf19d09292441,4.712,10,stern,unhappy,stern,2021-12-13 20:20:49.394132,2021-12-13 20:20:44.547705,33
101,BR_LilUCB,BR_LilUCB,https://uwmadison.co1.qualtrics.com/ControlPanel/Graphic.php?IM=IM_bJXdODAZHOaG0rI,image,0ac3384e0db3db3c5140f1fb06bb4b,29,0.133091,0ac3384e0db3db3c5140f1fb06bb4b_5sxbqDb1wSH372c7AgHxe9MwOtBzvX,a29c30602d42e7867fd63406f27b0a1e,0.679,13,normal,frusturated,normal,2021-12-13 20:20:50.423118,2021-12-13 20:20:49.611027,29
102,BR_LilUCB,BR_LilUCB,https://uwmadison.co1.qualtrics.com/ControlPanel/Graphic.php?IM=IM_bJXdODAZHOaG0rI,image,0ac3384e0db3db3c5140f1fb06bb4b,14,0.167884,0ac3384e0db3db3c5140f1fb06bb4b_5sxbqDb1wSH372c7AgHxe9MwOtBzvX,7d41b2f45327bc777c96ac948afa4e96,0.278,36,unpleasant,scared,scared,2021-12-13 20:20:50.748441,2021-12-13 20:20:50.302557,36
103,BR_LilUCB,BR_LilUCB,https://uwmadison.co1.qualtrics.com/ControlPanel/Graphic.php?IM=IM_bJXdODAZHOaG0rI,image,0ac3384e0db3db3c5140f1fb06bb4b,14,0.152678,0ac3384e0db3db3c5140f1fb06bb4b_5sxbqDb1wSH372c7AgHxe9MwOtBzvX,456cead2a0414842d4769346417eb7e7,0.192,40,unpleasant,worried,unpleasant,2021-12-13 20:20:50.994344,2021-12-13 20:20:50.649666,14
104,BR_LilUCB,BR_LilUCB,https://uwmadison.co1.qualtrics.com/ControlPanel/Graphic.php?IM=IM_bJXdODAZHOaG0rI,image,0ac3384e0db3db3c5140f1fb06bb4b,15,0.144611,0ac3384e0db3db3c5140f1fb06bb4b_5sxbqDb1wSH372c7AgHxe9MwOtBzvX,83f2d35e6d4945237ac029dc7b7cb18f,0.132,11,pissed,happy,happy,2021-12-13 20:20:51.239714,2021-12-13 20:20:50.963103,11
105,BR_LilUCB,BR_LilUCB,https://uwmadison.co1.qualtrics.com/ControlPanel/Graphic.php?IM=IM_bJXdODAZHOaG0rI,image,0ac3384e0db3db3c5140f1fb06bb4b,15,0.137801,0ac3384e0db3db3c5140f1fb06bb4b_5sxbqDb1wSH372c7AgHxe9MwOtBzvX,59d9fcc4170a9adae9cee5fb82d067d5,0.141,8,pissed,silly,pissed,2021-12-13 20:20:51.488687,2021-12-13 20:20:51.209886,15
